sku_id,forecast_week,forecast_units,model_name
SKU_001,2026-01-05,374.0,SeasonalNaive52
SKU_001,2026-01-12,314.0,SeasonalNaive52
SKU_001,2026-01-19,296.0,SeasonalNaive52
SKU_001,2026-01-26,418.0,SeasonalNaive52
SKU_001,2026-02-02,326.0,SeasonalNaive52
SKU_001,2026-02-09,313.0,SeasonalNaive52
SKU_002,2026-01-05,81.0,SeasonalNaive52
SKU_002,2026-01-12,70.0,SeasonalNaive52
SKU_002,2026-01-19,81.0,SeasonalNaive52
SKU_002,2026-01-26,67.0,SeasonalNaive52
SKU_002,2026-02-02,69.0,SeasonalNaive52
SKU_002,2026-02-09,94.0,SeasonalNaive52
SKU_003,2026-01-05,46.0,SeasonalNaive52
SKU_003,2026-01-12,37.0,SeasonalNaive52
SKU_003,2026-01-19,56.0,SeasonalNaive52
SKU_003,2026-01-26,49.0,SeasonalNaive52
SKU_003,2026-02-02,47.0,SeasonalNaive52
SKU_003,2026-02-09,45.0,SeasonalNaive52
SKU_004,2026-01-05,136.0,SeasonalNaive52
SKU_004,2026-01-12,120.0,SeasonalNaive52
SKU_004,2026-01-19,119.0,SeasonalNaive52
SKU_004,2026-01-26,127.0,SeasonalNaive52
SKU_004,2026-02-02,119.0,SeasonalNaive52
SKU_004,2026-02-09,127.0,SeasonalNaive52
SKU_005,2026-01-05,234.0,SeasonalNaive52
SKU_005,2026-01-12,192.0,SeasonalNaive52
SKU_005,2026-01-19,216.0,SeasonalNaive52
SKU_005,2026-01-26,235.0,SeasonalNaive52
SKU_005,2026-02-02,192.0,SeasonalNaive52
SKU_005,2026-02-09,213.0,SeasonalNaive52
SKU_006,2026-01-05,203.0,SeasonalNaive52
SKU_006,2026-01-12,211.0,SeasonalNaive52
SKU_006,2026-01-19,234.0,SeasonalNaive52
SKU_006,2026-01-26,147.0,SeasonalNaive52
SKU_006,2026-02-02,192.0,SeasonalNaive52
SKU_006,2026-02-09,196.0,SeasonalNaive52
SKU_007,2026-01-05,165.0,SeasonalNaive52
SKU_007,2026-01-12,173.0,SeasonalNaive52
SKU_007,2026-01-19,163.0,SeasonalNaive52
SKU_007,2026-01-26,145.0,SeasonalNaive52
SKU_007,2026-02-02,166.0,SeasonalNaive52
SKU_007,2026-02-09,145.0,SeasonalNaive52
SKU_008,2026-01-05,46.0,SeasonalNaive52
SKU_008,2026-01-12,43.0,SeasonalNaive52
SKU_008,2026-01-19,36.0,SeasonalNaive52
SKU_008,2026-01-26,32.0,SeasonalNaive52
SKU_008,2026-02-02,41.0,SeasonalNaive52
SKU_008,2026-02-09,32.0,SeasonalNaive52
SKU_009,2026-01-05,99.0,SeasonalNaive52
SKU_009,2026-01-12,89.0,SeasonalNaive52
SKU_009,2026-01-19,129.0,SeasonalNaive52
SKU_009,2026-01-26,116.0,SeasonalNaive52
SKU_009,2026-02-02,83.0,SeasonalNaive52
SKU_009,2026-02-09,103.0,SeasonalNaive52
SKU_010,2026-01-05,31.0,SeasonalNaive52
SKU_010,2026-01-12,21.0,SeasonalNaive52
SKU_010,2026-01-19,26.0,SeasonalNaive52
SKU_010,2026-01-26,38.0,SeasonalNaive52
SKU_010,2026-02-02,17.0,SeasonalNaive52
SKU_010,2026-02-09,22.0,SeasonalNaive52
SKU_011,2026-01-05,54.0,SeasonalNaive52
SKU_011,2026-01-12,45.0,SeasonalNaive52
SKU_011,2026-01-19,51.0,SeasonalNaive52
SKU_011,2026-01-26,34.0,SeasonalNaive52
SKU_011,2026-02-02,37.0,SeasonalNaive52
SKU_011,2026-02-09,38.0,SeasonalNaive52
SKU_012,2026-01-05,230.0,SeasonalNaive52
SKU_012,2026-01-12,221.0,SeasonalNaive52
SKU_012,2026-01-19,230.0,SeasonalNaive52
SKU_012,2026-01-26,251.0,SeasonalNaive52
SKU_012,2026-02-02,249.0,SeasonalNaive52
SKU_012,2026-02-09,240.0,SeasonalNaive52
SKU_013,2026-01-05,16.0,SeasonalNaive52
SKU_013,2026-01-12,17.0,SeasonalNaive52
SKU_013,2026-01-19,15.0,SeasonalNaive52
SKU_013,2026-01-26,18.0,SeasonalNaive52
SKU_013,2026-02-02,14.0,SeasonalNaive52
SKU_013,2026-02-09,23.0,SeasonalNaive52
SKU_014,2026-01-05,103.0,SeasonalNaive52
SKU_014,2026-01-12,97.0,SeasonalNaive52
SKU_014,2026-01-19,103.0,SeasonalNaive52
SKU_014,2026-01-26,116.0,SeasonalNaive52
SKU_014,2026-02-02,90.0,SeasonalNaive52
SKU_014,2026-02-09,101.0,SeasonalNaive52
SKU_015,2026-01-05,28.0,SeasonalNaive52
SKU_015,2026-01-12,33.0,SeasonalNaive52
SKU_015,2026-01-19,24.0,SeasonalNaive52
SKU_015,2026-01-26,20.0,SeasonalNaive52
SKU_015,2026-02-02,27.0,SeasonalNaive52
SKU_015,2026-02-09,28.0,SeasonalNaive52
SKU_016,2026-01-05,37.0,SeasonalNaive52
SKU_016,2026-01-12,26.0,SeasonalNaive52
SKU_016,2026-01-19,33.0,SeasonalNaive52
SKU_016,2026-01-26,32.0,SeasonalNaive52
SKU_016,2026-02-02,26.0,SeasonalNaive52
SKU_016,2026-02-09,40.0,SeasonalNaive52
SKU_017,2026-01-05,52.0,SeasonalNaive52
SKU_017,2026-01-12,58.0,SeasonalNaive52
SKU_017,2026-01-19,76.0,SeasonalNaive52
SKU_017,2026-01-26,71.0,SeasonalNaive52
SKU_017,2026-02-02,69.0,SeasonalNaive52
SKU_017,2026-02-09,68.0,SeasonalNaive52
SKU_018,2026-01-05,426.0,SeasonalNaive52
SKU_018,2026-01-12,394.0,SeasonalNaive52
SKU_018,2026-01-19,438.0,SeasonalNaive52
SKU_018,2026-01-26,427.0,SeasonalNaive52
SKU_018,2026-02-02,436.0,SeasonalNaive52
SKU_018,2026-02-09,360.0,SeasonalNaive52
SKU_019,2026-01-05,146.0,SeasonalNaive52
SKU_019,2026-01-12,148.0,SeasonalNaive52
SKU_019,2026-01-19,161.0,SeasonalNaive52
SKU_019,2026-01-26,119.0,SeasonalNaive52
SKU_019,2026-02-02,120.0,SeasonalNaive52
SKU_019,2026-02-09,140.0,SeasonalNaive52
SKU_020,2026-01-05,83.0,SeasonalNaive52
SKU_020,2026-01-12,64.0,SeasonalNaive52
SKU_020,2026-01-19,68.0,SeasonalNaive52
SKU_020,2026-01-26,91.0,SeasonalNaive52
SKU_020,2026-02-02,85.0,SeasonalNaive52
SKU_020,2026-02-09,58.0,SeasonalNaive52
SKU_021,2026-01-05,110.0,SeasonalNaive52
SKU_021,2026-01-12,102.0,SeasonalNaive52
SKU_021,2026-01-19,113.0,SeasonalNaive52
SKU_021,2026-01-26,100.0,SeasonalNaive52
SKU_021,2026-02-02,93.0,SeasonalNaive52
SKU_021,2026-02-09,101.0,SeasonalNaive52
SKU_022,2026-01-05,454.0,SeasonalNaive52
SKU_022,2026-01-12,448.0,SeasonalNaive52
SKU_022,2026-01-19,428.0,SeasonalNaive52
SKU_022,2026-01-26,435.0,SeasonalNaive52
SKU_022,2026-02-02,429.0,SeasonalNaive52
SKU_022,2026-02-09,401.0,SeasonalNaive52
SKU_023,2026-01-05,329.0,SeasonalNaive52
SKU_023,2026-01-12,391.0,SeasonalNaive52
SKU_023,2026-01-19,357.0,SeasonalNaive52
SKU_023,2026-01-26,338.0,SeasonalNaive52
SKU_023,2026-02-02,335.0,SeasonalNaive52
SKU_023,2026-02-09,350.0,SeasonalNaive52
SKU_024,2026-01-05,104.0,SeasonalNaive52
SKU_024,2026-01-12,73.0,SeasonalNaive52
SKU_024,2026-01-19,74.0,SeasonalNaive52
SKU_024,2026-01-26,81.0,SeasonalNaive52
SKU_024,2026-02-02,100.0,SeasonalNaive52
SKU_024,2026-02-09,97.0,SeasonalNaive52
SKU_025,2026-01-05,63.0,SeasonalNaive52
SKU_025,2026-01-12,95.0,SeasonalNaive52
SKU_025,2026-01-19,73.0,SeasonalNaive52
SKU_025,2026-01-26,68.0,SeasonalNaive52
SKU_025,2026-02-02,59.0,SeasonalNaive52
SKU_025,2026-02-09,73.0,SeasonalNaive52
SKU_026,2026-01-05,335.0,SeasonalNaive52
SKU_026,2026-01-12,477.0,SeasonalNaive52
SKU_026,2026-01-19,407.0,SeasonalNaive52
SKU_026,2026-01-26,374.0,SeasonalNaive52
SKU_026,2026-02-02,445.0,SeasonalNaive52
SKU_026,2026-02-09,439.0,SeasonalNaive52
SKU_027,2026-01-05,321.0,SeasonalNaive52
SKU_027,2026-01-12,268.0,SeasonalNaive52
SKU_027,2026-01-19,242.0,SeasonalNaive52
SKU_027,2026-01-26,263.0,SeasonalNaive52
SKU_027,2026-02-02,245.0,SeasonalNaive52
SKU_027,2026-02-09,263.0,SeasonalNaive52
SKU_028,2026-01-05,149.0,SeasonalNaive52
SKU_028,2026-01-12,142.0,SeasonalNaive52
SKU_028,2026-01-19,130.0,SeasonalNaive52
SKU_028,2026-01-26,145.0,SeasonalNaive52
SKU_028,2026-02-02,111.0,SeasonalNaive52
SKU_028,2026-02-09,147.0,SeasonalNaive52
SKU_029,2026-01-05,167.0,SeasonalNaive52
SKU_029,2026-01-12,92.0,SeasonalNaive52
SKU_029,2026-01-19,128.0,SeasonalNaive52
SKU_029,2026-01-26,114.0,SeasonalNaive52
SKU_029,2026-02-02,115.0,SeasonalNaive52
SKU_029,2026-02-09,117.0,SeasonalNaive52
SKU_030,2026-01-05,37.0,SeasonalNaive52
SKU_030,2026-01-12,56.0,SeasonalNaive52
SKU_030,2026-01-19,44.0,SeasonalNaive52
SKU_030,2026-01-26,35.0,SeasonalNaive52
SKU_030,2026-02-02,40.0,SeasonalNaive52
SKU_030,2026-02-09,49.0,SeasonalNaive52
SKU_031,2026-01-05,206.0,SeasonalNaive52
SKU_031,2026-01-12,188.0,SeasonalNaive52
SKU_031,2026-01-19,207.0,SeasonalNaive52
SKU_031,2026-01-26,186.0,SeasonalNaive52
SKU_031,2026-02-02,153.0,SeasonalNaive52
SKU_031,2026-02-09,160.0,SeasonalNaive52
SKU_032,2026-01-05,22.0,SeasonalNaive52
SKU_032,2026-01-12,16.0,SeasonalNaive52
SKU_032,2026-01-19,21.0,SeasonalNaive52
SKU_032,2026-01-26,20.0,SeasonalNaive52
SKU_032,2026-02-02,22.0,SeasonalNaive52
SKU_032,2026-02-09,15.0,SeasonalNaive52
SKU_033,2026-01-05,143.0,SeasonalNaive52
SKU_033,2026-01-12,129.0,SeasonalNaive52
SKU_033,2026-01-19,136.0,SeasonalNaive52
SKU_033,2026-01-26,137.0,SeasonalNaive52
SKU_033,2026-02-02,140.0,SeasonalNaive52
SKU_033,2026-02-09,104.0,SeasonalNaive52
SKU_034,2026-01-05,364.0,SeasonalNaive52
SKU_034,2026-01-12,369.0,SeasonalNaive52
SKU_034,2026-01-19,454.0,SeasonalNaive52
SKU_034,2026-01-26,388.0,SeasonalNaive52
SKU_034,2026-02-02,419.0,SeasonalNaive52
SKU_034,2026-02-09,335.0,SeasonalNaive52
SKU_035,2026-01-05,84.0,SeasonalNaive52
SKU_035,2026-01-12,76.0,SeasonalNaive52
SKU_035,2026-01-19,61.0,SeasonalNaive52
SKU_035,2026-01-26,67.0,SeasonalNaive52
SKU_035,2026-02-02,88.0,SeasonalNaive52
SKU_035,2026-02-09,67.0,SeasonalNaive52
SKU_036,2026-01-05,326.0,SeasonalNaive52
SKU_036,2026-01-12,239.0,SeasonalNaive52
SKU_036,2026-01-19,248.0,SeasonalNaive52
SKU_036,2026-01-26,304.0,SeasonalNaive52
SKU_036,2026-02-02,273.0,SeasonalNaive52
SKU_036,2026-02-09,260.0,SeasonalNaive52
SKU_037,2026-01-05,459.0,SeasonalNaive52
SKU_037,2026-01-12,365.0,SeasonalNaive52
SKU_037,2026-01-19,386.0,SeasonalNaive52
SKU_037,2026-01-26,438.0,SeasonalNaive52
SKU_037,2026-02-02,451.0,SeasonalNaive52
SKU_037,2026-02-09,376.0,SeasonalNaive52
SKU_038,2026-01-05,224.0,SeasonalNaive52
SKU_038,2026-01-12,191.0,SeasonalNaive52
SKU_038,2026-01-19,227.0,SeasonalNaive52
SKU_038,2026-01-26,227.0,SeasonalNaive52
SKU_038,2026-02-02,199.0,SeasonalNaive52
SKU_038,2026-02-09,211.0,SeasonalNaive52
SKU_039,2026-01-05,60.0,SeasonalNaive52
SKU_039,2026-01-12,62.0,SeasonalNaive52
SKU_039,2026-01-19,52.0,SeasonalNaive52
SKU_039,2026-01-26,46.0,SeasonalNaive52
SKU_039,2026-02-02,55.0,SeasonalNaive52
SKU_039,2026-02-09,68.0,SeasonalNaive52
SKU_040,2026-01-05,64.0,SeasonalNaive52
SKU_040,2026-01-12,50.0,SeasonalNaive52
SKU_040,2026-01-19,52.0,SeasonalNaive52
SKU_040,2026-01-26,70.0,SeasonalNaive52
SKU_040,2026-02-02,55.0,SeasonalNaive52
SKU_040,2026-02-09,60.0,SeasonalNaive52
SKU_041,2026-01-05,46.0,SeasonalNaive52
SKU_041,2026-01-12,61.0,SeasonalNaive52
SKU_041,2026-01-19,38.0,SeasonalNaive52
SKU_041,2026-01-26,37.0,SeasonalNaive52
SKU_041,2026-02-02,37.0,SeasonalNaive52
SKU_041,2026-02-09,51.0,SeasonalNaive52
SKU_042,2026-01-05,510.0,SeasonalNaive52
SKU_042,2026-01-12,387.0,SeasonalNaive52
SKU_042,2026-01-19,464.0,SeasonalNaive52
SKU_042,2026-01-26,473.0,SeasonalNaive52
SKU_042,2026-02-02,430.0,SeasonalNaive52
SKU_042,2026-02-09,466.0,SeasonalNaive52
SKU_043,2026-01-05,25.0,SeasonalNaive52
SKU_043,2026-01-12,32.0,SeasonalNaive52
SKU_043,2026-01-19,25.0,SeasonalNaive52
SKU_043,2026-01-26,28.0,SeasonalNaive52
SKU_043,2026-02-02,26.0,SeasonalNaive52
SKU_043,2026-02-09,21.0,SeasonalNaive52
SKU_044,2026-01-05,177.0,SeasonalNaive52
SKU_044,2026-01-12,214.0,SeasonalNaive52
SKU_044,2026-01-19,275.0,SeasonalNaive52
SKU_044,2026-01-26,210.0,SeasonalNaive52
SKU_044,2026-02-02,242.0,SeasonalNaive52
SKU_044,2026-02-09,223.0,SeasonalNaive52
SKU_045,2026-01-05,175.0,SeasonalNaive52
SKU_045,2026-01-12,208.0,SeasonalNaive52
SKU_045,2026-01-19,185.0,SeasonalNaive52
SKU_045,2026-01-26,183.0,SeasonalNaive52
SKU_045,2026-02-02,132.0,SeasonalNaive52
SKU_045,2026-02-09,197.0,SeasonalNaive52
SKU_046,2026-01-05,384.0,SeasonalNaive52
SKU_046,2026-01-12,258.0,SeasonalNaive52
SKU_046,2026-01-19,396.0,SeasonalNaive52
SKU_046,2026-01-26,348.0,SeasonalNaive52
SKU_046,2026-02-02,345.0,SeasonalNaive52
SKU_046,2026-02-09,347.0,SeasonalNaive52
SKU_047,2026-01-05,353.0,SeasonalNaive52
SKU_047,2026-01-12,377.0,SeasonalNaive52
SKU_047,2026-01-19,331.0,SeasonalNaive52
SKU_047,2026-01-26,274.0,SeasonalNaive52
SKU_047,2026-02-02,289.0,SeasonalNaive52
SKU_047,2026-02-09,329.0,SeasonalNaive52
SKU_048,2026-01-05,283.0,SeasonalNaive52
SKU_048,2026-01-12,285.0,SeasonalNaive52
SKU_048,2026-01-19,271.0,SeasonalNaive52
SKU_048,2026-01-26,235.0,SeasonalNaive52
SKU_048,2026-02-02,280.0,SeasonalNaive52
SKU_048,2026-02-09,251.0,SeasonalNaive52
SKU_049,2026-01-05,253.0,SeasonalNaive52
SKU_049,2026-01-12,212.0,SeasonalNaive52
SKU_049,2026-01-19,209.0,SeasonalNaive52
SKU_049,2026-01-26,263.0,SeasonalNaive52
SKU_049,2026-02-02,189.0,SeasonalNaive52
SKU_049,2026-02-09,167.0,SeasonalNaive52
SKU_050,2026-01-05,28.0,SeasonalNaive52
SKU_050,2026-01-12,26.0,SeasonalNaive52
SKU_050,2026-01-19,27.0,SeasonalNaive52
SKU_050,2026-01-26,29.0,SeasonalNaive52
SKU_050,2026-02-02,27.0,SeasonalNaive52
SKU_050,2026-02-09,31.0,SeasonalNaive52
SKU_051,2026-01-05,132.0,SeasonalNaive52
SKU_051,2026-01-12,111.0,SeasonalNaive52
SKU_051,2026-01-19,130.0,SeasonalNaive52
SKU_051,2026-01-26,96.0,SeasonalNaive52
SKU_051,2026-02-02,109.0,SeasonalNaive52
SKU_051,2026-02-09,99.0,SeasonalNaive52
SKU_052,2026-01-05,38.0,SeasonalNaive52
SKU_052,2026-01-12,32.0,SeasonalNaive52
SKU_052,2026-01-19,33.0,SeasonalNaive52
SKU_052,2026-01-26,49.0,SeasonalNaive52
SKU_052,2026-02-02,36.0,SeasonalNaive52
SKU_052,2026-02-09,29.0,SeasonalNaive52
SKU_053,2026-01-05,183.0,SeasonalNaive52
SKU_053,2026-01-12,171.0,SeasonalNaive52
SKU_053,2026-01-19,168.0,SeasonalNaive52
SKU_053,2026-01-26,164.0,SeasonalNaive52
SKU_053,2026-02-02,140.0,SeasonalNaive52
SKU_053,2026-02-09,150.0,SeasonalNaive52
SKU_054,2026-01-05,115.0,SeasonalNaive52
SKU_054,2026-01-12,110.0,SeasonalNaive52
SKU_054,2026-01-19,146.0,SeasonalNaive52
SKU_054,2026-01-26,133.0,SeasonalNaive52
SKU_054,2026-02-02,123.0,SeasonalNaive52
SKU_054,2026-02-09,134.0,SeasonalNaive52
SKU_055,2026-01-05,167.0,SeasonalNaive52
SKU_055,2026-01-12,204.0,SeasonalNaive52
SKU_055,2026-01-19,182.0,SeasonalNaive52
SKU_055,2026-01-26,174.0,SeasonalNaive52
SKU_055,2026-02-02,163.0,SeasonalNaive52
SKU_055,2026-02-09,154.0,SeasonalNaive52
SKU_056,2026-01-05,154.0,SeasonalNaive52
SKU_056,2026-01-12,162.0,SeasonalNaive52
SKU_056,2026-01-19,168.0,SeasonalNaive52
SKU_056,2026-01-26,165.0,SeasonalNaive52
SKU_056,2026-02-02,169.0,SeasonalNaive52
SKU_056,2026-02-09,168.0,SeasonalNaive52
SKU_057,2026-01-05,221.0,SeasonalNaive52
SKU_057,2026-01-12,167.0,SeasonalNaive52
SKU_057,2026-01-19,217.0,SeasonalNaive52
SKU_057,2026-01-26,227.0,SeasonalNaive52
SKU_057,2026-02-02,200.0,SeasonalNaive52
SKU_057,2026-02-09,261.0,SeasonalNaive52
SKU_058,2026-01-05,44.0,SeasonalNaive52
SKU_058,2026-01-12,61.0,SeasonalNaive52
SKU_058,2026-01-19,60.0,SeasonalNaive52
SKU_058,2026-01-26,61.0,SeasonalNaive52
SKU_058,2026-02-02,50.0,SeasonalNaive52
SKU_058,2026-02-09,80.0,SeasonalNaive52
SKU_059,2026-01-05,33.0,SeasonalNaive52
SKU_059,2026-01-12,43.0,SeasonalNaive52
SKU_059,2026-01-19,48.0,SeasonalNaive52
SKU_059,2026-01-26,34.0,SeasonalNaive52
SKU_059,2026-02-02,45.0,SeasonalNaive52
SKU_059,2026-02-09,40.0,SeasonalNaive52
SKU_060,2026-01-05,106.0,SeasonalNaive52
SKU_060,2026-01-12,96.0,SeasonalNaive52
SKU_060,2026-01-19,107.0,SeasonalNaive52
SKU_060,2026-01-26,101.0,SeasonalNaive52
SKU_060,2026-02-02,97.0,SeasonalNaive52
SKU_060,2026-02-09,84.0,SeasonalNaive52
SKU_061,2026-01-05,62.0,SeasonalNaive52
SKU_061,2026-01-12,67.0,SeasonalNaive52
SKU_061,2026-01-19,64.0,SeasonalNaive52
SKU_061,2026-01-26,57.0,SeasonalNaive52
SKU_061,2026-02-02,65.0,SeasonalNaive52
SKU_061,2026-02-09,48.0,SeasonalNaive52
SKU_062,2026-01-05,427.0,SeasonalNaive52
SKU_062,2026-01-12,402.0,SeasonalNaive52
SKU_062,2026-01-19,601.0,SeasonalNaive52
SKU_062,2026-01-26,485.0,SeasonalNaive52
SKU_062,2026-02-02,496.0,SeasonalNaive52
SKU_062,2026-02-09,381.0,SeasonalNaive52
SKU_063,2026-01-05,45.0,SeasonalNaive52
SKU_063,2026-01-12,42.0,SeasonalNaive52
SKU_063,2026-01-19,42.0,SeasonalNaive52
SKU_063,2026-01-26,33.0,SeasonalNaive52
SKU_063,2026-02-02,35.0,SeasonalNaive52
SKU_063,2026-02-09,43.0,SeasonalNaive52
SKU_064,2026-01-05,77.0,SeasonalNaive52
SKU_064,2026-01-12,79.0,SeasonalNaive52
SKU_064,2026-01-19,72.0,SeasonalNaive52
SKU_064,2026-01-26,77.0,SeasonalNaive52
SKU_064,2026-02-02,82.0,SeasonalNaive52
SKU_064,2026-02-09,74.0,SeasonalNaive52
SKU_065,2026-01-05,34.0,SeasonalNaive52
SKU_065,2026-01-12,40.0,SeasonalNaive52
SKU_065,2026-01-19,26.0,SeasonalNaive52
SKU_065,2026-01-26,32.0,SeasonalNaive52
SKU_065,2026-02-02,26.0,SeasonalNaive52
SKU_065,2026-02-09,29.0,SeasonalNaive52
SKU_066,2026-01-05,52.0,SeasonalNaive52
SKU_066,2026-01-12,48.0,SeasonalNaive52
SKU_066,2026-01-19,59.0,SeasonalNaive52
SKU_066,2026-01-26,50.0,SeasonalNaive52
SKU_066,2026-02-02,58.0,SeasonalNaive52
SKU_066,2026-02-09,74.0,SeasonalNaive52
SKU_067,2026-01-05,48.0,SeasonalNaive52
SKU_067,2026-01-12,75.0,SeasonalNaive52
SKU_067,2026-01-19,73.0,SeasonalNaive52
SKU_067,2026-01-26,59.0,SeasonalNaive52
SKU_067,2026-02-02,67.0,SeasonalNaive52
SKU_067,2026-02-09,73.0,SeasonalNaive52
SKU_068,2026-01-05,133.0,SeasonalNaive52
SKU_068,2026-01-12,142.0,SeasonalNaive52
SKU_068,2026-01-19,173.0,SeasonalNaive52
SKU_068,2026-01-26,157.0,SeasonalNaive52
SKU_068,2026-02-02,138.0,SeasonalNaive52
SKU_068,2026-02-09,156.0,SeasonalNaive52
SKU_069,2026-01-05,214.0,SeasonalNaive52
SKU_069,2026-01-12,164.0,SeasonalNaive52
SKU_069,2026-01-19,187.0,SeasonalNaive52
SKU_069,2026-01-26,157.0,SeasonalNaive52
SKU_069,2026-02-02,177.0,SeasonalNaive52
SKU_069,2026-02-09,173.0,SeasonalNaive52
SKU_070,2026-01-05,218.0,SeasonalNaive52
SKU_070,2026-01-12,176.0,SeasonalNaive52
SKU_070,2026-01-19,199.0,SeasonalNaive52
SKU_070,2026-01-26,186.0,SeasonalNaive52
SKU_070,2026-02-02,174.0,SeasonalNaive52
SKU_070,2026-02-09,201.0,SeasonalNaive52
SKU_071,2026-01-05,16.0,SeasonalNaive52
SKU_071,2026-01-12,18.0,SeasonalNaive52
SKU_071,2026-01-19,23.0,SeasonalNaive52
SKU_071,2026-01-26,13.0,SeasonalNaive52
SKU_071,2026-02-02,20.0,SeasonalNaive52
SKU_071,2026-02-09,14.0,SeasonalNaive52
SKU_072,2026-01-05,20.0,SeasonalNaive52
SKU_072,2026-01-12,34.0,SeasonalNaive52
SKU_072,2026-01-19,39.0,SeasonalNaive52
SKU_072,2026-01-26,26.0,SeasonalNaive52
SKU_072,2026-02-02,24.0,SeasonalNaive52
SKU_072,2026-02-09,23.0,SeasonalNaive52
SKU_073,2026-01-05,123.0,SeasonalNaive52
SKU_073,2026-01-12,117.0,SeasonalNaive52
SKU_073,2026-01-19,140.0,SeasonalNaive52
SKU_073,2026-01-26,127.0,SeasonalNaive52
SKU_073,2026-02-02,150.0,SeasonalNaive52
SKU_073,2026-02-09,113.0,SeasonalNaive52
SKU_074,2026-01-05,203.0,SeasonalNaive52
SKU_074,2026-01-12,167.0,SeasonalNaive52
SKU_074,2026-01-19,181.0,SeasonalNaive52
SKU_074,2026-01-26,204.0,SeasonalNaive52
SKU_074,2026-02-02,189.0,SeasonalNaive52
SKU_074,2026-02-09,163.0,SeasonalNaive52
SKU_075,2026-01-05,138.0,SeasonalNaive52
SKU_075,2026-01-12,134.0,SeasonalNaive52
SKU_075,2026-01-19,123.0,SeasonalNaive52
SKU_075,2026-01-26,135.0,SeasonalNaive52
SKU_075,2026-02-02,149.0,SeasonalNaive52
SKU_075,2026-02-09,145.0,SeasonalNaive52
SKU_076,2026-01-05,110.0,SeasonalNaive52
SKU_076,2026-01-12,107.0,SeasonalNaive52
SKU_076,2026-01-19,106.0,SeasonalNaive52
SKU_076,2026-01-26,123.0,SeasonalNaive52
SKU_076,2026-02-02,113.0,SeasonalNaive52
SKU_076,2026-02-09,107.0,SeasonalNaive52
SKU_077,2026-01-05,208.0,SeasonalNaive52
SKU_077,2026-01-12,182.0,SeasonalNaive52
SKU_077,2026-01-19,180.0,SeasonalNaive52
SKU_077,2026-01-26,221.0,SeasonalNaive52
SKU_077,2026-02-02,208.0,SeasonalNaive52
SKU_077,2026-02-09,179.0,SeasonalNaive52
SKU_078,2026-01-05,38.0,SeasonalNaive52
SKU_078,2026-01-12,32.0,SeasonalNaive52
SKU_078,2026-01-19,44.0,SeasonalNaive52
SKU_078,2026-01-26,29.0,SeasonalNaive52
SKU_078,2026-02-02,38.0,SeasonalNaive52
SKU_078,2026-02-09,47.0,SeasonalNaive52
SKU_079,2026-01-05,33.0,SeasonalNaive52
SKU_079,2026-01-12,21.0,SeasonalNaive52
SKU_079,2026-01-19,31.0,SeasonalNaive52
SKU_079,2026-01-26,45.0,SeasonalNaive52
SKU_079,2026-02-02,31.0,SeasonalNaive52
SKU_079,2026-02-09,32.0,SeasonalNaive52
SKU_080,2026-01-05,192.0,SeasonalNaive52
SKU_080,2026-01-12,167.0,SeasonalNaive52
SKU_080,2026-01-19,198.0,SeasonalNaive52
SKU_080,2026-01-26,153.0,SeasonalNaive52
SKU_080,2026-02-02,134.0,SeasonalNaive52
SKU_080,2026-02-09,192.0,SeasonalNaive52
SKU_081,2026-01-05,29.0,SeasonalNaive52
SKU_081,2026-01-12,55.0,SeasonalNaive52
SKU_081,2026-01-19,46.0,SeasonalNaive52
SKU_081,2026-01-26,50.0,SeasonalNaive52
SKU_081,2026-02-02,43.0,SeasonalNaive52
SKU_081,2026-02-09,44.0,SeasonalNaive52
SKU_082,2026-01-05,31.0,SeasonalNaive52
SKU_082,2026-01-12,39.0,SeasonalNaive52
SKU_082,2026-01-19,38.0,SeasonalNaive52
SKU_082,2026-01-26,36.0,SeasonalNaive52
SKU_082,2026-02-02,23.0,SeasonalNaive52
SKU_082,2026-02-09,40.0,SeasonalNaive52
SKU_083,2026-01-05,294.0,SeasonalNaive52
SKU_083,2026-01-12,267.0,SeasonalNaive52
SKU_083,2026-01-19,277.0,SeasonalNaive52
SKU_083,2026-01-26,271.0,SeasonalNaive52
SKU_083,2026-02-02,281.0,SeasonalNaive52
SKU_083,2026-02-09,262.0,SeasonalNaive52
SKU_084,2026-01-05,179.0,SeasonalNaive52
SKU_084,2026-01-12,167.0,SeasonalNaive52
SKU_084,2026-01-19,156.0,SeasonalNaive52
SKU_084,2026-01-26,194.0,SeasonalNaive52
SKU_084,2026-02-02,164.0,SeasonalNaive52
SKU_084,2026-02-09,171.0,SeasonalNaive52
SKU_085,2026-01-05,185.0,SeasonalNaive52
SKU_085,2026-01-12,175.0,SeasonalNaive52
SKU_085,2026-01-19,185.0,SeasonalNaive52
SKU_085,2026-01-26,169.0,SeasonalNaive52
SKU_085,2026-02-02,154.0,SeasonalNaive52
SKU_085,2026-02-09,174.0,SeasonalNaive52
SKU_086,2026-01-05,171.0,SeasonalNaive52
SKU_086,2026-01-12,182.0,SeasonalNaive52
SKU_086,2026-01-19,193.0,SeasonalNaive52
SKU_086,2026-01-26,213.0,SeasonalNaive52
SKU_086,2026-02-02,209.0,SeasonalNaive52
SKU_086,2026-02-09,174.0,SeasonalNaive52
SKU_087,2026-01-05,370.0,SeasonalNaive52
SKU_087,2026-01-12,360.0,SeasonalNaive52
SKU_087,2026-01-19,312.0,SeasonalNaive52
SKU_087,2026-01-26,355.0,SeasonalNaive52
SKU_087,2026-02-02,340.0,SeasonalNaive52
SKU_087,2026-02-09,324.0,SeasonalNaive52
SKU_088,2026-01-05,38.0,SeasonalNaive52
SKU_088,2026-01-12,36.0,SeasonalNaive52
SKU_088,2026-01-19,46.0,SeasonalNaive52
SKU_088,2026-01-26,34.0,SeasonalNaive52
SKU_088,2026-02-02,44.0,SeasonalNaive52
SKU_088,2026-02-09,42.0,SeasonalNaive52
SKU_089,2026-01-05,394.0,SeasonalNaive52
SKU_089,2026-01-12,375.0,SeasonalNaive52
SKU_089,2026-01-19,422.0,SeasonalNaive52
SKU_089,2026-01-26,386.0,SeasonalNaive52
SKU_089,2026-02-02,394.0,SeasonalNaive52
SKU_089,2026-02-09,393.0,SeasonalNaive52
SKU_090,2026-01-05,205.0,SeasonalNaive52
SKU_090,2026-01-12,208.0,SeasonalNaive52
SKU_090,2026-01-19,160.0,SeasonalNaive52
SKU_090,2026-01-26,176.0,SeasonalNaive52
SKU_090,2026-02-02,228.0,SeasonalNaive52
SKU_090,2026-02-09,197.0,SeasonalNaive52
SKU_091,2026-01-05,96.0,SeasonalNaive52
SKU_091,2026-01-12,92.0,SeasonalNaive52
SKU_091,2026-01-19,106.0,SeasonalNaive52
SKU_091,2026-01-26,90.0,SeasonalNaive52
SKU_091,2026-02-02,93.0,SeasonalNaive52
SKU_091,2026-02-09,112.0,SeasonalNaive52
SKU_092,2026-01-05,158.0,SeasonalNaive52
SKU_092,2026-01-12,168.0,SeasonalNaive52
SKU_092,2026-01-19,150.0,SeasonalNaive52
SKU_092,2026-01-26,152.0,SeasonalNaive52
SKU_092,2026-02-02,184.0,SeasonalNaive52
SKU_092,2026-02-09,143.0,SeasonalNaive52
SKU_093,2026-01-05,431.0,SeasonalNaive52
SKU_093,2026-01-12,345.0,SeasonalNaive52
SKU_093,2026-01-19,385.0,SeasonalNaive52
SKU_093,2026-01-26,387.0,SeasonalNaive52
SKU_093,2026-02-02,359.0,SeasonalNaive52
SKU_093,2026-02-09,378.0,SeasonalNaive52
SKU_094,2026-01-05,79.0,SeasonalNaive52
SKU_094,2026-01-12,78.0,SeasonalNaive52
SKU_094,2026-01-19,85.0,SeasonalNaive52
SKU_094,2026-01-26,62.0,SeasonalNaive52
SKU_094,2026-02-02,76.0,SeasonalNaive52
SKU_094,2026-02-09,64.0,SeasonalNaive52
SKU_095,2026-01-05,71.0,SeasonalNaive52
SKU_095,2026-01-12,60.0,SeasonalNaive52
SKU_095,2026-01-19,64.0,SeasonalNaive52
SKU_095,2026-01-26,64.0,SeasonalNaive52
SKU_095,2026-02-02,65.0,SeasonalNaive52
SKU_095,2026-02-09,70.0,SeasonalNaive52
SKU_096,2026-01-05,36.0,SeasonalNaive52
SKU_096,2026-01-12,31.0,SeasonalNaive52
SKU_096,2026-01-19,35.0,SeasonalNaive52
SKU_096,2026-01-26,37.0,SeasonalNaive52
SKU_096,2026-02-02,40.0,SeasonalNaive52
SKU_096,2026-02-09,37.0,SeasonalNaive52
SKU_097,2026-01-05,34.0,SeasonalNaive52
SKU_097,2026-01-12,34.0,SeasonalNaive52
SKU_097,2026-01-19,27.0,SeasonalNaive52
SKU_097,2026-01-26,31.0,SeasonalNaive52
SKU_097,2026-02-02,46.0,SeasonalNaive52
SKU_097,2026-02-09,26.0,SeasonalNaive52
SKU_098,2026-01-05,119.0,SeasonalNaive52
SKU_098,2026-01-12,120.0,SeasonalNaive52
SKU_098,2026-01-19,123.0,SeasonalNaive52
SKU_098,2026-01-26,144.0,SeasonalNaive52
SKU_098,2026-02-02,83.0,SeasonalNaive52
SKU_098,2026-02-09,119.0,SeasonalNaive52
SKU_099,2026-01-05,31.0,SeasonalNaive52
SKU_099,2026-01-12,46.0,SeasonalNaive52
SKU_099,2026-01-19,36.0,SeasonalNaive52
SKU_099,2026-01-26,36.0,SeasonalNaive52
SKU_099,2026-02-02,39.0,SeasonalNaive52
SKU_099,2026-02-09,38.0,SeasonalNaive52
SKU_100,2026-01-05,307.0,SeasonalNaive52
SKU_100,2026-01-12,275.0,SeasonalNaive52
SKU_100,2026-01-19,261.0,SeasonalNaive52
SKU_100,2026-01-26,261.0,SeasonalNaive52
SKU_100,2026-02-02,275.0,SeasonalNaive52
SKU_100,2026-02-09,264.0,SeasonalNaive52
SKU_101,2026-01-05,98.0,SeasonalNaive52
SKU_101,2026-01-12,90.0,SeasonalNaive52
SKU_101,2026-01-19,88.0,SeasonalNaive52
SKU_101,2026-01-26,112.0,SeasonalNaive52
SKU_101,2026-02-02,115.0,SeasonalNaive52
SKU_101,2026-02-09,95.0,SeasonalNaive52
SKU_102,2026-01-05,72.0,SeasonalNaive52
SKU_102,2026-01-12,91.0,SeasonalNaive52
SKU_102,2026-01-19,82.0,SeasonalNaive52
SKU_102,2026-01-26,94.0,SeasonalNaive52
SKU_102,2026-02-02,58.0,SeasonalNaive52
SKU_102,2026-02-09,88.0,SeasonalNaive52
SKU_103,2026-01-05,24.0,SeasonalNaive52
SKU_103,2026-01-12,31.0,SeasonalNaive52
SKU_103,2026-01-19,21.0,SeasonalNaive52
SKU_103,2026-01-26,18.0,SeasonalNaive52
SKU_103,2026-02-02,32.0,SeasonalNaive52
SKU_103,2026-02-09,22.0,SeasonalNaive52
SKU_104,2026-01-05,157.0,SeasonalNaive52
SKU_104,2026-01-12,128.0,SeasonalNaive52
SKU_104,2026-01-19,138.0,SeasonalNaive52
SKU_104,2026-01-26,134.0,SeasonalNaive52
SKU_104,2026-02-02,148.0,SeasonalNaive52
SKU_104,2026-02-09,156.0,SeasonalNaive52
SKU_105,2026-01-05,94.0,SeasonalNaive52
SKU_105,2026-01-12,98.0,SeasonalNaive52
SKU_105,2026-01-19,85.0,SeasonalNaive52
SKU_105,2026-01-26,87.0,SeasonalNaive52
SKU_105,2026-02-02,107.0,SeasonalNaive52
SKU_105,2026-02-09,86.0,SeasonalNaive52
SKU_106,2026-01-05,107.0,SeasonalNaive52
SKU_106,2026-01-12,137.0,SeasonalNaive52
SKU_106,2026-01-19,162.0,SeasonalNaive52
SKU_106,2026-01-26,121.0,SeasonalNaive52
SKU_106,2026-02-02,165.0,SeasonalNaive52
SKU_106,2026-02-09,145.0,SeasonalNaive52
SKU_107,2026-01-05,205.0,SeasonalNaive52
SKU_107,2026-01-12,172.0,SeasonalNaive52
SKU_107,2026-01-19,176.0,SeasonalNaive52
SKU_107,2026-01-26,129.0,SeasonalNaive52
SKU_107,2026-02-02,167.0,SeasonalNaive52
SKU_107,2026-02-09,163.0,SeasonalNaive52
SKU_108,2026-01-05,14.0,SeasonalNaive52
SKU_108,2026-01-12,23.0,SeasonalNaive52
SKU_108,2026-01-19,16.0,SeasonalNaive52
SKU_108,2026-01-26,17.0,SeasonalNaive52
SKU_108,2026-02-02,13.0,SeasonalNaive52
SKU_108,2026-02-09,26.0,SeasonalNaive52
SKU_109,2026-01-05,166.0,SeasonalNaive52
SKU_109,2026-01-12,181.0,SeasonalNaive52
SKU_109,2026-01-19,155.0,SeasonalNaive52
SKU_109,2026-01-26,114.0,SeasonalNaive52
SKU_109,2026-02-02,188.0,SeasonalNaive52
SKU_109,2026-02-09,114.0,SeasonalNaive52
SKU_110,2026-01-05,24.0,SeasonalNaive52
SKU_110,2026-01-12,26.0,SeasonalNaive52
SKU_110,2026-01-19,30.0,SeasonalNaive52
SKU_110,2026-01-26,9.0,SeasonalNaive52
SKU_110,2026-02-02,16.0,SeasonalNaive52
SKU_110,2026-02-09,11.0,SeasonalNaive52
SKU_111,2026-01-05,189.0,SeasonalNaive52
SKU_111,2026-01-12,188.0,SeasonalNaive52
SKU_111,2026-01-19,189.0,SeasonalNaive52
SKU_111,2026-01-26,158.0,SeasonalNaive52
SKU_111,2026-02-02,225.0,SeasonalNaive52
SKU_111,2026-02-09,171.0,SeasonalNaive52
SKU_112,2026-01-05,498.0,SeasonalNaive52
SKU_112,2026-01-12,377.0,SeasonalNaive52
SKU_112,2026-01-19,445.0,SeasonalNaive52
SKU_112,2026-01-26,442.0,SeasonalNaive52
SKU_112,2026-02-02,437.0,SeasonalNaive52
SKU_112,2026-02-09,413.0,SeasonalNaive52
SKU_113,2026-01-05,47.0,SeasonalNaive52
SKU_113,2026-01-12,42.0,SeasonalNaive52
SKU_113,2026-01-19,44.0,SeasonalNaive52
SKU_113,2026-01-26,36.0,SeasonalNaive52
SKU_113,2026-02-02,33.0,SeasonalNaive52
SKU_113,2026-02-09,51.0,SeasonalNaive52
SKU_114,2026-01-05,87.0,SeasonalNaive52
SKU_114,2026-01-12,97.0,SeasonalNaive52
SKU_114,2026-01-19,115.0,SeasonalNaive52
SKU_114,2026-01-26,78.0,SeasonalNaive52
SKU_114,2026-02-02,82.0,SeasonalNaive52
SKU_114,2026-02-09,78.0,SeasonalNaive52
SKU_115,2026-01-05,111.0,SeasonalNaive52
SKU_115,2026-01-12,132.0,SeasonalNaive52
SKU_115,2026-01-19,118.0,SeasonalNaive52
SKU_115,2026-01-26,126.0,SeasonalNaive52
SKU_115,2026-02-02,118.0,SeasonalNaive52
SKU_115,2026-02-09,101.0,SeasonalNaive52
SKU_116,2026-01-05,286.0,SeasonalNaive52
SKU_116,2026-01-12,279.0,SeasonalNaive52
SKU_116,2026-01-19,344.0,SeasonalNaive52
SKU_116,2026-01-26,315.0,SeasonalNaive52
SKU_116,2026-02-02,281.0,SeasonalNaive52
SKU_116,2026-02-09,325.0,SeasonalNaive52
SKU_117,2026-01-05,80.0,SeasonalNaive52
SKU_117,2026-01-12,102.0,SeasonalNaive52
SKU_117,2026-01-19,115.0,SeasonalNaive52
SKU_117,2026-01-26,96.0,SeasonalNaive52
SKU_117,2026-02-02,128.0,SeasonalNaive52
SKU_117,2026-02-09,101.0,SeasonalNaive52
SKU_118,2026-01-05,80.0,SeasonalNaive52
SKU_118,2026-01-12,72.0,SeasonalNaive52
SKU_118,2026-01-19,55.0,SeasonalNaive52
SKU_118,2026-01-26,62.0,SeasonalNaive52
SKU_118,2026-02-02,58.0,SeasonalNaive52
SKU_118,2026-02-09,48.0,SeasonalNaive52
SKU_119,2026-01-05,176.0,SeasonalNaive52
SKU_119,2026-01-12,172.0,SeasonalNaive52
SKU_119,2026-01-19,172.0,SeasonalNaive52
SKU_119,2026-01-26,149.0,SeasonalNaive52
SKU_119,2026-02-02,175.0,SeasonalNaive52
SKU_119,2026-02-09,132.0,SeasonalNaive52
SKU_120,2026-01-05,165.0,SeasonalNaive52
SKU_120,2026-01-12,163.0,SeasonalNaive52
SKU_120,2026-01-19,183.0,SeasonalNaive52
SKU_120,2026-01-26,139.0,SeasonalNaive52
SKU_120,2026-02-02,155.0,SeasonalNaive52
SKU_120,2026-02-09,157.0,SeasonalNaive52
SKU_121,2026-01-05,432.0,SeasonalNaive52
SKU_121,2026-01-12,417.0,SeasonalNaive52
SKU_121,2026-01-19,407.0,SeasonalNaive52
SKU_121,2026-01-26,466.0,SeasonalNaive52
SKU_121,2026-02-02,423.0,SeasonalNaive52
SKU_121,2026-02-09,363.0,SeasonalNaive52
SKU_122,2026-01-05,275.0,SeasonalNaive52
SKU_122,2026-01-12,315.0,SeasonalNaive52
SKU_122,2026-01-19,330.0,SeasonalNaive52
SKU_122,2026-01-26,283.0,SeasonalNaive52
SKU_122,2026-02-02,317.0,SeasonalNaive52
SKU_122,2026-02-09,317.0,SeasonalNaive52
SKU_123,2026-01-05,155.0,SeasonalNaive52
SKU_123,2026-01-12,137.0,SeasonalNaive52
SKU_123,2026-01-19,157.0,SeasonalNaive52
SKU_123,2026-01-26,116.0,SeasonalNaive52
SKU_123,2026-02-02,115.0,SeasonalNaive52
SKU_123,2026-02-09,135.0,SeasonalNaive52
SKU_124,2026-01-05,96.0,SeasonalNaive52
SKU_124,2026-01-12,85.0,SeasonalNaive52
SKU_124,2026-01-19,125.0,SeasonalNaive52
SKU_124,2026-01-26,85.0,SeasonalNaive52
SKU_124,2026-02-02,80.0,SeasonalNaive52
SKU_124,2026-02-09,85.0,SeasonalNaive52
SKU_125,2026-01-05,52.0,SeasonalNaive52
SKU_125,2026-01-12,44.0,SeasonalNaive52
SKU_125,2026-01-19,50.0,SeasonalNaive52
SKU_125,2026-01-26,36.0,SeasonalNaive52
SKU_125,2026-02-02,56.0,SeasonalNaive52
SKU_125,2026-02-09,61.0,SeasonalNaive52
SKU_126,2026-01-05,203.0,SeasonalNaive52
SKU_126,2026-01-12,166.0,SeasonalNaive52
SKU_126,2026-01-19,179.0,SeasonalNaive52
SKU_126,2026-01-26,181.0,SeasonalNaive52
SKU_126,2026-02-02,148.0,SeasonalNaive52
SKU_126,2026-02-09,187.0,SeasonalNaive52
SKU_127,2026-01-05,131.0,SeasonalNaive52
SKU_127,2026-01-12,128.0,SeasonalNaive52
SKU_127,2026-01-19,150.0,SeasonalNaive52
SKU_127,2026-01-26,148.0,SeasonalNaive52
SKU_127,2026-02-02,147.0,SeasonalNaive52
SKU_127,2026-02-09,125.0,SeasonalNaive52
SKU_128,2026-01-05,137.0,SeasonalNaive52
SKU_128,2026-01-12,143.0,SeasonalNaive52
SKU_128,2026-01-19,156.0,SeasonalNaive52
SKU_128,2026-01-26,137.0,SeasonalNaive52
SKU_128,2026-02-02,122.0,SeasonalNaive52
SKU_128,2026-02-09,131.0,SeasonalNaive52
SKU_129,2026-01-05,179.0,SeasonalNaive52
SKU_129,2026-01-12,156.0,SeasonalNaive52
SKU_129,2026-01-19,162.0,SeasonalNaive52
SKU_129,2026-01-26,198.0,SeasonalNaive52
SKU_129,2026-02-02,145.0,SeasonalNaive52
SKU_129,2026-02-09,169.0,SeasonalNaive52
SKU_130,2026-01-05,23.0,SeasonalNaive52
SKU_130,2026-01-12,29.0,SeasonalNaive52
SKU_130,2026-01-19,26.0,SeasonalNaive52
SKU_130,2026-01-26,23.0,SeasonalNaive52
SKU_130,2026-02-02,28.0,SeasonalNaive52
SKU_130,2026-02-09,28.0,SeasonalNaive52
SKU_131,2026-01-05,430.0,SeasonalNaive52
SKU_131,2026-01-12,332.0,SeasonalNaive52
SKU_131,2026-01-19,304.0,SeasonalNaive52
SKU_131,2026-01-26,321.0,SeasonalNaive52
SKU_131,2026-02-02,332.0,SeasonalNaive52
SKU_131,2026-02-09,374.0,SeasonalNaive52
SKU_132,2026-01-05,342.0,SeasonalNaive52
SKU_132,2026-01-12,340.0,SeasonalNaive52
SKU_132,2026-01-19,382.0,SeasonalNaive52
SKU_132,2026-01-26,297.0,SeasonalNaive52
SKU_132,2026-02-02,346.0,SeasonalNaive52
SKU_132,2026-02-09,293.0,SeasonalNaive52
SKU_133,2026-01-05,178.0,SeasonalNaive52
SKU_133,2026-01-12,159.0,SeasonalNaive52
SKU_133,2026-01-19,153.0,SeasonalNaive52
SKU_133,2026-01-26,143.0,SeasonalNaive52
SKU_133,2026-02-02,149.0,SeasonalNaive52
SKU_133,2026-02-09,148.0,SeasonalNaive52
SKU_134,2026-01-05,250.0,SeasonalNaive52
SKU_134,2026-01-12,216.0,SeasonalNaive52
SKU_134,2026-01-19,236.0,SeasonalNaive52
SKU_134,2026-01-26,209.0,SeasonalNaive52
SKU_134,2026-02-02,195.0,SeasonalNaive52
SKU_134,2026-02-09,215.0,SeasonalNaive52
SKU_135,2026-01-05,130.0,SeasonalNaive52
SKU_135,2026-01-12,111.0,SeasonalNaive52
SKU_135,2026-01-19,127.0,SeasonalNaive52
SKU_135,2026-01-26,118.0,SeasonalNaive52
SKU_135,2026-02-02,118.0,SeasonalNaive52
SKU_135,2026-02-09,124.0,SeasonalNaive52
SKU_136,2026-01-05,80.0,SeasonalNaive52
SKU_136,2026-01-12,88.0,SeasonalNaive52
SKU_136,2026-01-19,103.0,SeasonalNaive52
SKU_136,2026-01-26,88.0,SeasonalNaive52
SKU_136,2026-02-02,95.0,SeasonalNaive52
SKU_136,2026-02-09,105.0,SeasonalNaive52
SKU_137,2026-01-05,437.0,SeasonalNaive52
SKU_137,2026-01-12,430.0,SeasonalNaive52
SKU_137,2026-01-19,418.0,SeasonalNaive52
SKU_137,2026-01-26,425.0,SeasonalNaive52
SKU_137,2026-02-02,380.0,SeasonalNaive52
SKU_137,2026-02-09,391.0,SeasonalNaive52
SKU_138,2026-01-05,89.0,SeasonalNaive52
SKU_138,2026-01-12,69.0,SeasonalNaive52
SKU_138,2026-01-19,78.0,SeasonalNaive52
SKU_138,2026-01-26,82.0,SeasonalNaive52
SKU_138,2026-02-02,70.0,SeasonalNaive52
SKU_138,2026-02-09,82.0,SeasonalNaive52
SKU_139,2026-01-05,234.0,SeasonalNaive52
SKU_139,2026-01-12,223.0,SeasonalNaive52
SKU_139,2026-01-19,269.0,SeasonalNaive52
SKU_139,2026-01-26,264.0,SeasonalNaive52
SKU_139,2026-02-02,234.0,SeasonalNaive52
SKU_139,2026-02-09,232.0,SeasonalNaive52
SKU_140,2026-01-05,61.0,SeasonalNaive52
SKU_140,2026-01-12,58.0,SeasonalNaive52
SKU_140,2026-01-19,57.0,SeasonalNaive52
SKU_140,2026-01-26,40.0,SeasonalNaive52
SKU_140,2026-02-02,59.0,SeasonalNaive52
SKU_140,2026-02-09,61.0,SeasonalNaive52
SKU_141,2026-01-05,136.0,SeasonalNaive52
SKU_141,2026-01-12,145.0,SeasonalNaive52
SKU_141,2026-01-19,113.0,SeasonalNaive52
SKU_141,2026-01-26,115.0,SeasonalNaive52
SKU_141,2026-02-02,134.0,SeasonalNaive52
SKU_141,2026-02-09,145.0,SeasonalNaive52
SKU_142,2026-01-05,99.0,SeasonalNaive52
SKU_142,2026-01-12,64.0,SeasonalNaive52
SKU_142,2026-01-19,90.0,SeasonalNaive52
SKU_142,2026-01-26,76.0,SeasonalNaive52
SKU_142,2026-02-02,82.0,SeasonalNaive52
SKU_142,2026-02-09,97.0,SeasonalNaive52
SKU_143,2026-01-05,200.0,SeasonalNaive52
SKU_143,2026-01-12,153.0,SeasonalNaive52
SKU_143,2026-01-19,178.0,SeasonalNaive52
SKU_143,2026-01-26,183.0,SeasonalNaive52
SKU_143,2026-02-02,149.0,SeasonalNaive52
SKU_143,2026-02-09,181.0,SeasonalNaive52
SKU_144,2026-01-05,330.0,SeasonalNaive52
SKU_144,2026-01-12,316.0,SeasonalNaive52
SKU_144,2026-01-19,329.0,SeasonalNaive52
SKU_144,2026-01-26,260.0,SeasonalNaive52
SKU_144,2026-02-02,337.0,SeasonalNaive52
SKU_144,2026-02-09,264.0,SeasonalNaive52
SKU_145,2026-01-05,94.0,SeasonalNaive52
SKU_145,2026-01-12,77.0,SeasonalNaive52
SKU_145,2026-01-19,67.0,SeasonalNaive52
SKU_145,2026-01-26,69.0,SeasonalNaive52
SKU_145,2026-02-02,65.0,SeasonalNaive52
SKU_145,2026-02-09,64.0,SeasonalNaive52
SKU_146,2026-01-05,204.0,SeasonalNaive52
SKU_146,2026-01-12,185.0,SeasonalNaive52
SKU_146,2026-01-19,218.0,SeasonalNaive52
SKU_146,2026-01-26,171.0,SeasonalNaive52
SKU_146,2026-02-02,161.0,SeasonalNaive52
SKU_146,2026-02-09,205.0,SeasonalNaive52
SKU_147,2026-01-05,160.0,SeasonalNaive52
SKU_147,2026-01-12,149.0,SeasonalNaive52
SKU_147,2026-01-19,135.0,SeasonalNaive52
SKU_147,2026-01-26,141.0,SeasonalNaive52
SKU_147,2026-02-02,129.0,SeasonalNaive52
SKU_147,2026-02-09,146.0,SeasonalNaive52
SKU_148,2026-01-05,169.0,SeasonalNaive52
SKU_148,2026-01-12,198.0,SeasonalNaive52
SKU_148,2026-01-19,169.0,SeasonalNaive52
SKU_148,2026-01-26,216.0,SeasonalNaive52
SKU_148,2026-02-02,193.0,SeasonalNaive52
SKU_148,2026-02-09,182.0,SeasonalNaive52
SKU_149,2026-01-05,174.0,SeasonalNaive52
SKU_149,2026-01-12,193.0,SeasonalNaive52
SKU_149,2026-01-19,218.0,SeasonalNaive52
SKU_149,2026-01-26,183.0,SeasonalNaive52
SKU_149,2026-02-02,187.0,SeasonalNaive52
SKU_149,2026-02-09,212.0,SeasonalNaive52
SKU_150,2026-01-05,168.0,SeasonalNaive52
SKU_150,2026-01-12,162.0,SeasonalNaive52
SKU_150,2026-01-19,143.0,SeasonalNaive52
SKU_150,2026-01-26,162.0,SeasonalNaive52
SKU_150,2026-02-02,161.0,SeasonalNaive52
SKU_150,2026-02-09,140.0,SeasonalNaive52
SKU_151,2026-01-05,158.0,SeasonalNaive52
SKU_151,2026-01-12,154.0,SeasonalNaive52
SKU_151,2026-01-19,168.0,SeasonalNaive52
SKU_151,2026-01-26,217.0,SeasonalNaive52
SKU_151,2026-02-02,188.0,SeasonalNaive52
SKU_151,2026-02-09,178.0,SeasonalNaive52
SKU_152,2026-01-05,78.0,SeasonalNaive52
SKU_152,2026-01-12,80.0,SeasonalNaive52
SKU_152,2026-01-19,59.0,SeasonalNaive52
SKU_152,2026-01-26,66.0,SeasonalNaive52
SKU_152,2026-02-02,86.0,SeasonalNaive52
SKU_152,2026-02-09,82.0,SeasonalNaive52
SKU_153,2026-01-05,70.0,SeasonalNaive52
SKU_153,2026-01-12,75.0,SeasonalNaive52
SKU_153,2026-01-19,68.0,SeasonalNaive52
SKU_153,2026-01-26,55.0,SeasonalNaive52
SKU_153,2026-02-02,65.0,SeasonalNaive52
SKU_153,2026-02-09,70.0,SeasonalNaive52
SKU_154,2026-01-05,46.0,SeasonalNaive52
SKU_154,2026-01-12,36.0,SeasonalNaive52
SKU_154,2026-01-19,53.0,SeasonalNaive52
SKU_154,2026-01-26,53.0,SeasonalNaive52
SKU_154,2026-02-02,44.0,SeasonalNaive52
SKU_154,2026-02-09,47.0,SeasonalNaive52
SKU_155,2026-01-05,145.0,SeasonalNaive52
SKU_155,2026-01-12,140.0,SeasonalNaive52
SKU_155,2026-01-19,136.0,SeasonalNaive52
SKU_155,2026-01-26,139.0,SeasonalNaive52
SKU_155,2026-02-02,169.0,SeasonalNaive52
SKU_155,2026-02-09,134.0,SeasonalNaive52
SKU_156,2026-01-05,324.0,SeasonalNaive52
SKU_156,2026-01-12,367.0,SeasonalNaive52
SKU_156,2026-01-19,381.0,SeasonalNaive52
SKU_156,2026-01-26,382.0,SeasonalNaive52
SKU_156,2026-02-02,393.0,SeasonalNaive52
SKU_156,2026-02-09,354.0,SeasonalNaive52
SKU_157,2026-01-05,346.0,SeasonalNaive52
SKU_157,2026-01-12,306.0,SeasonalNaive52
SKU_157,2026-01-19,305.0,SeasonalNaive52
SKU_157,2026-01-26,294.0,SeasonalNaive52
SKU_157,2026-02-02,285.0,SeasonalNaive52
SKU_157,2026-02-09,286.0,SeasonalNaive52
SKU_158,2026-01-05,110.0,SeasonalNaive52
SKU_158,2026-01-12,102.0,SeasonalNaive52
SKU_158,2026-01-19,117.0,SeasonalNaive52
SKU_158,2026-01-26,118.0,SeasonalNaive52
SKU_158,2026-02-02,107.0,SeasonalNaive52
SKU_158,2026-02-09,120.0,SeasonalNaive52
SKU_159,2026-01-05,144.0,SeasonalNaive52
SKU_159,2026-01-12,117.0,SeasonalNaive52
SKU_159,2026-01-19,150.0,SeasonalNaive52
SKU_159,2026-01-26,117.0,SeasonalNaive52
SKU_159,2026-02-02,119.0,SeasonalNaive52
SKU_159,2026-02-09,107.0,SeasonalNaive52
SKU_160,2026-01-05,314.0,SeasonalNaive52
SKU_160,2026-01-12,426.0,SeasonalNaive52
SKU_160,2026-01-19,400.0,SeasonalNaive52
SKU_160,2026-01-26,410.0,SeasonalNaive52
SKU_160,2026-02-02,487.0,SeasonalNaive52
SKU_160,2026-02-09,406.0,SeasonalNaive52
SKU_161,2026-01-05,129.0,SeasonalNaive52
SKU_161,2026-01-12,105.0,SeasonalNaive52
SKU_161,2026-01-19,121.0,SeasonalNaive52
SKU_161,2026-01-26,135.0,SeasonalNaive52
SKU_161,2026-02-02,148.0,SeasonalNaive52
SKU_161,2026-02-09,121.0,SeasonalNaive52
SKU_162,2026-01-05,130.0,SeasonalNaive52
SKU_162,2026-01-12,145.0,SeasonalNaive52
SKU_162,2026-01-19,115.0,SeasonalNaive52
SKU_162,2026-01-26,142.0,SeasonalNaive52
SKU_162,2026-02-02,142.0,SeasonalNaive52
SKU_162,2026-02-09,142.0,SeasonalNaive52
SKU_163,2026-01-05,247.0,SeasonalNaive52
SKU_163,2026-01-12,273.0,SeasonalNaive52
SKU_163,2026-01-19,204.0,SeasonalNaive52
SKU_163,2026-01-26,216.0,SeasonalNaive52
SKU_163,2026-02-02,233.0,SeasonalNaive52
SKU_163,2026-02-09,239.0,SeasonalNaive52
SKU_164,2026-01-05,58.0,SeasonalNaive52
SKU_164,2026-01-12,59.0,SeasonalNaive52
SKU_164,2026-01-19,58.0,SeasonalNaive52
SKU_164,2026-01-26,63.0,SeasonalNaive52
SKU_164,2026-02-02,36.0,SeasonalNaive52
SKU_164,2026-02-09,59.0,SeasonalNaive52
SKU_165,2026-01-05,32.0,SeasonalNaive52
SKU_165,2026-01-12,22.0,SeasonalNaive52
SKU_165,2026-01-19,33.0,SeasonalNaive52
SKU_165,2026-01-26,17.0,SeasonalNaive52
SKU_165,2026-02-02,21.0,SeasonalNaive52
SKU_165,2026-02-09,27.0,SeasonalNaive52
SKU_166,2026-01-05,19.0,SeasonalNaive52
SKU_166,2026-01-12,20.0,SeasonalNaive52
SKU_166,2026-01-19,23.0,SeasonalNaive52
SKU_166,2026-01-26,20.0,SeasonalNaive52
SKU_166,2026-02-02,20.0,SeasonalNaive52
SKU_166,2026-02-09,17.0,SeasonalNaive52
SKU_167,2026-01-05,78.0,SeasonalNaive52
SKU_167,2026-01-12,100.0,SeasonalNaive52
SKU_167,2026-01-19,58.0,SeasonalNaive52
SKU_167,2026-01-26,63.0,SeasonalNaive52
SKU_167,2026-02-02,73.0,SeasonalNaive52
SKU_167,2026-02-09,84.0,SeasonalNaive52
SKU_168,2026-01-05,195.0,SeasonalNaive52
SKU_168,2026-01-12,146.0,SeasonalNaive52
SKU_168,2026-01-19,123.0,SeasonalNaive52
SKU_168,2026-01-26,157.0,SeasonalNaive52
SKU_168,2026-02-02,155.0,SeasonalNaive52
SKU_168,2026-02-09,197.0,SeasonalNaive52
SKU_169,2026-01-05,57.0,SeasonalNaive52
SKU_169,2026-01-12,51.0,SeasonalNaive52
SKU_169,2026-01-19,46.0,SeasonalNaive52
SKU_169,2026-01-26,43.0,SeasonalNaive52
SKU_169,2026-02-02,50.0,SeasonalNaive52
SKU_169,2026-02-09,52.0,SeasonalNaive52
SKU_170,2026-01-05,67.0,SeasonalNaive52
SKU_170,2026-01-12,41.0,SeasonalNaive52
SKU_170,2026-01-19,56.0,SeasonalNaive52
SKU_170,2026-01-26,40.0,SeasonalNaive52
SKU_170,2026-02-02,46.0,SeasonalNaive52
SKU_170,2026-02-09,37.0,SeasonalNaive52
SKU_171,2026-01-05,333.0,SeasonalNaive52
SKU_171,2026-01-12,218.0,SeasonalNaive52
SKU_171,2026-01-19,289.0,SeasonalNaive52
SKU_171,2026-01-26,320.0,SeasonalNaive52
SKU_171,2026-02-02,322.0,SeasonalNaive52
SKU_171,2026-02-09,311.0,SeasonalNaive52
SKU_172,2026-01-05,259.0,SeasonalNaive52
SKU_172,2026-01-12,245.0,SeasonalNaive52
SKU_172,2026-01-19,211.0,SeasonalNaive52
SKU_172,2026-01-26,253.0,SeasonalNaive52
SKU_172,2026-02-02,224.0,SeasonalNaive52
SKU_172,2026-02-09,254.0,SeasonalNaive52
SKU_173,2026-01-05,91.0,SeasonalNaive52
SKU_173,2026-01-12,53.0,SeasonalNaive52
SKU_173,2026-01-19,94.0,SeasonalNaive52
SKU_173,2026-01-26,61.0,SeasonalNaive52
SKU_173,2026-02-02,66.0,SeasonalNaive52
SKU_173,2026-02-09,95.0,SeasonalNaive52
SKU_174,2026-01-05,44.0,SeasonalNaive52
SKU_174,2026-01-12,46.0,SeasonalNaive52
SKU_174,2026-01-19,38.0,SeasonalNaive52
SKU_174,2026-01-26,46.0,SeasonalNaive52
SKU_174,2026-02-02,57.0,SeasonalNaive52
SKU_174,2026-02-09,47.0,SeasonalNaive52
SKU_175,2026-01-05,475.0,SeasonalNaive52
SKU_175,2026-01-12,449.0,SeasonalNaive52
SKU_175,2026-01-19,467.0,SeasonalNaive52
SKU_175,2026-01-26,392.0,SeasonalNaive52
SKU_175,2026-02-02,355.0,SeasonalNaive52
SKU_175,2026-02-09,401.0,SeasonalNaive52
SKU_176,2026-01-05,136.0,SeasonalNaive52
SKU_176,2026-01-12,99.0,SeasonalNaive52
SKU_176,2026-01-19,83.0,SeasonalNaive52
SKU_176,2026-01-26,110.0,SeasonalNaive52
SKU_176,2026-02-02,113.0,SeasonalNaive52
SKU_176,2026-02-09,97.0,SeasonalNaive52
SKU_177,2026-01-05,110.0,SeasonalNaive52
SKU_177,2026-01-12,119.0,SeasonalNaive52
SKU_177,2026-01-19,112.0,SeasonalNaive52
SKU_177,2026-01-26,88.0,SeasonalNaive52
SKU_177,2026-02-02,106.0,SeasonalNaive52
SKU_177,2026-02-09,126.0,SeasonalNaive52
SKU_178,2026-01-05,26.0,SeasonalNaive52
SKU_178,2026-01-12,27.0,SeasonalNaive52
SKU_178,2026-01-19,22.0,SeasonalNaive52
SKU_178,2026-01-26,28.0,SeasonalNaive52
SKU_178,2026-02-02,23.0,SeasonalNaive52
SKU_178,2026-02-09,18.0,SeasonalNaive52
SKU_179,2026-01-05,240.0,SeasonalNaive52
SKU_179,2026-01-12,219.0,SeasonalNaive52
SKU_179,2026-01-19,269.0,SeasonalNaive52
SKU_179,2026-01-26,195.0,SeasonalNaive52
SKU_179,2026-02-02,220.0,SeasonalNaive52
SKU_179,2026-02-09,253.0,SeasonalNaive52
SKU_180,2026-01-05,503.0,SeasonalNaive52
SKU_180,2026-01-12,427.0,SeasonalNaive52
SKU_180,2026-01-19,415.0,SeasonalNaive52
SKU_180,2026-01-26,459.0,SeasonalNaive52
SKU_180,2026-02-02,443.0,SeasonalNaive52
SKU_180,2026-02-09,421.0,SeasonalNaive52
SKU_181,2026-01-05,167.0,SeasonalNaive52
SKU_181,2026-01-12,166.0,SeasonalNaive52
SKU_181,2026-01-19,136.0,SeasonalNaive52
SKU_181,2026-01-26,152.0,SeasonalNaive52
SKU_181,2026-02-02,197.0,SeasonalNaive52
SKU_181,2026-02-09,139.0,SeasonalNaive52
SKU_182,2026-01-05,22.0,SeasonalNaive52
SKU_182,2026-01-12,29.0,SeasonalNaive52
SKU_182,2026-01-19,20.0,SeasonalNaive52
SKU_182,2026-01-26,18.0,SeasonalNaive52
SKU_182,2026-02-02,21.0,SeasonalNaive52
SKU_182,2026-02-09,14.0,SeasonalNaive52
SKU_183,2026-01-05,177.0,SeasonalNaive52
SKU_183,2026-01-12,130.0,SeasonalNaive52
SKU_183,2026-01-19,170.0,SeasonalNaive52
SKU_183,2026-01-26,149.0,SeasonalNaive52
SKU_183,2026-02-02,151.0,SeasonalNaive52
SKU_183,2026-02-09,148.0,SeasonalNaive52
SKU_184,2026-01-05,105.0,SeasonalNaive52
SKU_184,2026-01-12,99.0,SeasonalNaive52
SKU_184,2026-01-19,102.0,SeasonalNaive52
SKU_184,2026-01-26,109.0,SeasonalNaive52
SKU_184,2026-02-02,96.0,SeasonalNaive52
SKU_184,2026-02-09,103.0,SeasonalNaive52
SKU_185,2026-01-05,17.0,SeasonalNaive52
SKU_185,2026-01-12,18.0,SeasonalNaive52
SKU_185,2026-01-19,28.0,SeasonalNaive52
SKU_185,2026-01-26,18.0,SeasonalNaive52
SKU_185,2026-02-02,22.0,SeasonalNaive52
SKU_185,2026-02-09,28.0,SeasonalNaive52
SKU_186,2026-01-05,101.0,SeasonalNaive52
SKU_186,2026-01-12,102.0,SeasonalNaive52
SKU_186,2026-01-19,127.0,SeasonalNaive52
SKU_186,2026-01-26,115.0,SeasonalNaive52
SKU_186,2026-02-02,136.0,SeasonalNaive52
SKU_186,2026-02-09,116.0,SeasonalNaive52
SKU_187,2026-01-05,71.0,SeasonalNaive52
SKU_187,2026-01-12,104.0,SeasonalNaive52
SKU_187,2026-01-19,65.0,SeasonalNaive52
SKU_187,2026-01-26,82.0,SeasonalNaive52
SKU_187,2026-02-02,91.0,SeasonalNaive52
SKU_187,2026-02-09,90.0,SeasonalNaive52
SKU_188,2026-01-05,97.0,SeasonalNaive52
SKU_188,2026-01-12,77.0,SeasonalNaive52
SKU_188,2026-01-19,104.0,SeasonalNaive52
SKU_188,2026-01-26,100.0,SeasonalNaive52
SKU_188,2026-02-02,74.0,SeasonalNaive52
SKU_188,2026-02-09,76.0,SeasonalNaive52
SKU_189,2026-01-05,71.0,SeasonalNaive52
SKU_189,2026-01-12,76.0,SeasonalNaive52
SKU_189,2026-01-19,76.0,SeasonalNaive52
SKU_189,2026-01-26,72.0,SeasonalNaive52
SKU_189,2026-02-02,68.0,SeasonalNaive52
SKU_189,2026-02-09,81.0,SeasonalNaive52
SKU_190,2026-01-05,453.0,SeasonalNaive52
SKU_190,2026-01-12,435.0,SeasonalNaive52
SKU_190,2026-01-19,429.0,SeasonalNaive52
SKU_190,2026-01-26,410.0,SeasonalNaive52
SKU_190,2026-02-02,369.0,SeasonalNaive52
SKU_190,2026-02-09,485.0,SeasonalNaive52
SKU_191,2026-01-05,78.0,SeasonalNaive52
SKU_191,2026-01-12,76.0,SeasonalNaive52
SKU_191,2026-01-19,100.0,SeasonalNaive52
SKU_191,2026-01-26,81.0,SeasonalNaive52
SKU_191,2026-02-02,91.0,SeasonalNaive52
SKU_191,2026-02-09,75.0,SeasonalNaive52
SKU_192,2026-01-05,231.0,SeasonalNaive52
SKU_192,2026-01-12,193.0,SeasonalNaive52
SKU_192,2026-01-19,186.0,SeasonalNaive52
SKU_192,2026-01-26,176.0,SeasonalNaive52
SKU_192,2026-02-02,200.0,SeasonalNaive52
SKU_192,2026-02-09,179.0,SeasonalNaive52
SKU_193,2026-01-05,178.0,SeasonalNaive52
SKU_193,2026-01-12,164.0,SeasonalNaive52
SKU_193,2026-01-19,153.0,SeasonalNaive52
SKU_193,2026-01-26,185.0,SeasonalNaive52
SKU_193,2026-02-02,168.0,SeasonalNaive52
SKU_193,2026-02-09,160.0,SeasonalNaive52
SKU_194,2026-01-05,170.0,SeasonalNaive52
SKU_194,2026-01-12,129.0,SeasonalNaive52
SKU_194,2026-01-19,147.0,SeasonalNaive52
SKU_194,2026-01-26,123.0,SeasonalNaive52
SKU_194,2026-02-02,142.0,SeasonalNaive52
SKU_194,2026-02-09,145.0,SeasonalNaive52
SKU_195,2026-01-05,65.0,SeasonalNaive52
SKU_195,2026-01-12,45.0,SeasonalNaive52
SKU_195,2026-01-19,72.0,SeasonalNaive52
SKU_195,2026-01-26,58.0,SeasonalNaive52
SKU_195,2026-02-02,51.0,SeasonalNaive52
SKU_195,2026-02-09,51.0,SeasonalNaive52
SKU_196,2026-01-05,148.0,SeasonalNaive52
SKU_196,2026-01-12,174.0,SeasonalNaive52
SKU_196,2026-01-19,187.0,SeasonalNaive52
SKU_196,2026-01-26,181.0,SeasonalNaive52
SKU_196,2026-02-02,179.0,SeasonalNaive52
SKU_196,2026-02-09,177.0,SeasonalNaive52
SKU_197,2026-01-05,139.0,SeasonalNaive52
SKU_197,2026-01-12,164.0,SeasonalNaive52
SKU_197,2026-01-19,126.0,SeasonalNaive52
SKU_197,2026-01-26,149.0,SeasonalNaive52
SKU_197,2026-02-02,163.0,SeasonalNaive52
SKU_197,2026-02-09,129.0,SeasonalNaive52
SKU_198,2026-01-05,128.0,SeasonalNaive52
SKU_198,2026-01-12,104.0,SeasonalNaive52
SKU_198,2026-01-19,91.0,SeasonalNaive52
SKU_198,2026-01-26,122.0,SeasonalNaive52
SKU_198,2026-02-02,124.0,SeasonalNaive52
SKU_198,2026-02-09,143.0,SeasonalNaive52
SKU_199,2026-01-05,102.0,SeasonalNaive52
SKU_199,2026-01-12,109.0,SeasonalNaive52
SKU_199,2026-01-19,73.0,SeasonalNaive52
SKU_199,2026-01-26,93.0,SeasonalNaive52
SKU_199,2026-02-02,97.0,SeasonalNaive52
SKU_199,2026-02-09,81.0,SeasonalNaive52
SKU_200,2026-01-05,371.0,SeasonalNaive52
SKU_200,2026-01-12,351.0,SeasonalNaive52
SKU_200,2026-01-19,322.0,SeasonalNaive52
SKU_200,2026-01-26,393.0,SeasonalNaive52
SKU_200,2026-02-02,354.0,SeasonalNaive52
SKU_200,2026-02-09,361.0,SeasonalNaive52
